Avg. Area Income,Avg. Area House Age,Avg. Area Number of Rooms,Avg. Area Number of Bedrooms,Area Population
79545.45857431678,5.682861321615587,7.009188142792237,4.09,23086.800502686456
79545,5,7,4,23086
